{ 
  "usingComponents": {
    "van-search": "../miniprogram_npm/@vant/weapp/search/index",
    
    "van-panel": "../miniprogram_npm/@vant/weapp/panel/index",
    "van-cell": "../miniprogram_npm/@vant/weapp/cell/index",
    "van-cell-group": "../miniprogram_npm/@vant/weapp/cell-group/index",
    "van-icon": "../miniprogram_npm/@vant/weapp/icon/index",
    "van-image": "../miniprogram_npm/@vant/weapp/image/index",
    "van-grid": "../miniprogram_npm/@vant/weapp/grid/index",
    "van-grid-item": "../miniprogram_npm/@vant/weapp/grid-item/index"
  } 
  
}